{
  "variables": {
    "@borderColor": "#ddd",
    "@headerBackgroundColor": "#fff",
    "@headerGradientStart": "#fff",
    "@headerGradientStop": "#fff",
    "@headerVerticalBarColor": "#fff",
    "@rowColorEven": "#f9f9f9",
    "@rowColorOdd": "#fff",
    "@rowSelected": "#f5f5f5",
    "@selectedColor": "#eee"
  },
  "customLess": ".ui-grid { color: #333; }\n\n.ui-grid-header { border-bottom-width: 2px; }\n\n.ui-grid-menu .ui-grid-menu-inner ul li:not(:last-child) > button {border:none;}\n\n.ui-grid-menu .ui-grid-menu-inner ul li button.ui-grid-menu-item-active {-webkit-box-shadow: none;-moz-box-shadow: none;box-shadow: none;}\n\n.ui-grid-menu .ui-grid-menu-inner ul li button:hover, .ui-grid-menu .ui-grid-menu-inner ul li button:focus {-webkit-box-shadow: none;-moz-box-shadow: none;box-shadow: none;background-color: #ddd;}"
}
